tanggal_target,jam_rilis_wib,waktu_rilis_wib,waktu_pengamatan_terakhir_wib,jeda_informasi_menit,status_data_rilis,source_row_index,ann_prob,svm_prob,rf_prob,stack_prob,indikasi_rilis
2026-09-04,21,2026-09-03 21:00:00+07:00,2026-09-03 20:50:00+07:00,10.0,tepat_waktu,0,0.1292259097099304,0.0162464919379215,0.0,0.0052032194320618,0
2026-09-04,22,2026-09-03 22:00:00+07:00,2026-09-03 21:50:00+07:00,10.0,tepat_waktu,0,0.0612177588045597,0.0216037031806271,0.0,0.0041196813054804,0
2026-09-04,23,2026-09-03 23:00:00+07:00,2026-09-03 22:50:00+07:00,10.0,tepat_waktu,0,0.0214727018028497,0.0201353465979131,0.0,0.0035816728336296,0
2026-09-04,0,2026-09-04 00:00:00+07:00,2026-09-03 23:50:00+07:00,10.0,tepat_waktu,0,0.106176845729351,0.0106077357318561,0.0,0.0047812623103108,0
2026-09-04,1,2026-09-04 01:00:00+07:00,2026-09-04 00:50:00+07:00,10.0,tepat_waktu,0,0.1872577965259552,0.0098513389521123,0.0,0.0063405661794111,0
2026-09-04,2,2026-09-04 02:00:00+07:00,2026-09-04 01:50:00+07:00,10.0,tepat_waktu,0,0.1822480261325836,0.0066236884245967,0.0,0.0062161104226232,0
2026-09-04,3,2026-09-04 03:00:00+07:00,2026-09-04 02:50:00+07:00,10.0,tepat_waktu,0,0.128429889678955,0.0128285167832436,0.0,0.0051758085909349,0
2026-09-04,4,2026-09-04 04:00:00+07:00,2026-09-04 03:50:00+07:00,10.0,tepat_waktu,0,0.2086145430803299,0.0121258371062882,0.0,0.0068417727505486,0
2026-09-04,5,2026-09-04 05:00:00+07:00,2026-09-04 04:50:00+07:00,10.0,tepat_waktu,0,0.3481513857841491,0.009412547874242,0.0,0.0110915196934941,0
2026-09-04,6,2026-09-04 06:00:00+07:00,2026-09-04 05:50:00+07:00,10.0,tepat_waktu,0,0.2694315910339355,0.0160294177031501,0.0,0.0084789442569609,0
2026-09-04,7,2026-09-04 07:00:00+07:00,2026-09-04 06:50:00+07:00,10.0,tepat_waktu,0,0.3859151899814605,0.0145499494855365,0.0,0.0126898500276076,0
2026-09-05,21,2026-09-04 21:00:00+07:00,2026-09-04 20:50:00+07:00,10.0,tepat_waktu,0,0.0569324605166912,0.0157848955196629,0.0,0.0040411860594061,0
2026-09-05,22,2026-09-04 22:00:00+07:00,2026-09-04 21:50:00+07:00,10.0,tepat_waktu,0,0.0804771557450294,0.0129768759234584,0.0,0.0043785315383274,0
2026-09-05,23,2026-09-04 23:00:00+07:00,2026-09-04 22:50:00+07:00,10.0,tepat_waktu,0,0.0476537831127643,0.0146662234627424,0.0,0.0039090808110572,0
2026-09-05,0,2026-09-05 00:00:00+07:00,2026-09-04 23:50:00+07:00,10.0,tepat_waktu,0,0.0365221016108989,0.0170861402375524,0.0,0.0037666411339848,0
2026-09-05,1,2026-09-05 01:00:00+07:00,2026-09-05 00:50:00+07:00,10.0,tepat_waktu,0,0.1023198068141937,0.0094273674280969,0.0,0.0047132378241847,0
2026-09-05,2,2026-09-05 02:00:00+07:00,2026-09-05 01:50:00+07:00,10.0,tepat_waktu,0,0.4758166074752807,0.005750102356828,0.0,0.0172026887378501,0
2026-09-05,3,2026-09-05 03:00:00+07:00,2026-09-05 02:50:00+07:00,10.0,tepat_waktu,0,0.6433678269386292,0.0205311112689994,0.0,0.0308653274341043,0
2026-09-05,4,2026-09-05 04:00:00+07:00,2026-09-05 03:50:00+07:00,10.0,tepat_waktu,0,0.6827222108840942,0.0187492352942541,0.0,0.0352280732525001,0
2026-09-05,5,2026-09-05 05:00:00+07:00,2026-09-05 04:50:00+07:00,10.0,tepat_waktu,0,0.8982568979263306,0.0220709172955555,0.0,0.0723176344684431,0
2026-09-05,6,2026-09-05 06:00:00+07:00,2026-09-05 05:50:00+07:00,10.0,tepat_waktu,0,0.6878702640533447,0.0208838614753152,0.0,0.0359013216197483,0
2026-09-05,7,2026-09-05 07:00:00+07:00,2026-09-05 06:50:00+07:00,10.0,tepat_waktu,0,0.6976532340049744,0.021450068637243,0.0,0.0371229956998127,0
2026-09-06,21,2026-09-05 21:00:00+07:00,2026-09-05 20:50:00+07:00,10.0,tepat_waktu,0,0.5885066986083984,0.0019905725150179,0.0033333333333333,0.0256495261013879,0
2026-09-06,22,2026-09-05 22:00:00+07:00,2026-09-05 21:50:00+07:00,10.0,tepat_waktu,0,0.7621263265609741,0.0087953800065711,0.0,0.0457003053489422,0
2026-09-06,23,2026-09-05 23:00:00+07:00,2026-09-05 22:50:00+07:00,10.0,tepat_waktu,0,0.8864440321922302,0.0239314175726374,0.0033333333333333,0.0706937938697817,0
2026-09-06,0,2026-09-06 00:00:00+07:00,2026-09-05 23:50:00+07:00,10.0,tepat_waktu,0,0.9016318321228028,0.0195364420573298,0.0,0.0729894050586121,0
2026-09-06,1,2026-09-06 01:00:00+07:00,2026-09-06 00:50:00+07:00,10.0,tepat_waktu,0,0.8368380665779114,0.0151127529728985,0.0066666666666666,0.0605990379206401,0
2026-09-06,2,2026-09-06 02:00:00+07:00,2026-09-06 01:50:00+07:00,10.0,tepat_waktu,0,0.8849896788597107,0.0058577049932052,0.0,0.0684913770166751,0
2026-09-06,3,2026-09-06 03:00:00+07:00,2026-09-06 02:50:00+07:00,10.0,tepat_waktu,0,0.8727009892463684,0.0058118488512706,0.0,0.0657899926391588,0
2026-09-06,4,2026-09-06 04:00:00+07:00,2026-09-06 03:50:00+07:00,10.0,tepat_waktu,0,0.9866441488265992,0.0245668596280169,0.0033333333333333,0.0976014404424455,0
2026-09-06,5,2026-09-06 05:00:00+07:00,2026-09-06 04:50:00+07:00,10.0,tepat_waktu,0,0.9243415594100952,0.0044501398710181,0.0,0.0777649735298856,0
2026-09-06,6,2026-09-06 06:00:00+07:00,2026-09-06 05:50:00+07:00,10.0,tepat_waktu,0,0.8916725516319275,0.0181358034733602,0.0,0.0705931038440616,0
2026-09-06,7,2026-09-06 07:00:00+07:00,2026-09-06 06:50:00+07:00,10.0,tepat_waktu,0,0.993886649608612,0.0239106043499533,0.0033333333333333,0.0998183466857016,0
2026-09-07,21,2026-09-06 21:00:00+07:00,2026-09-06 20:50:00+07:00,10.0,tepat_waktu,0,0.343410849571228,0.0016843157875379,0.0,0.0108493606268302,0
2026-09-07,22,2026-09-06 22:00:00+07:00,2026-09-06 21:50:00+07:00,10.0,tepat_waktu,0,0.4945420324802398,0.0012143641552031,0.0033333333333333,0.0185712359994672,0
2026-09-07,23,2026-09-06 23:00:00+07:00,2026-09-06 22:50:00+07:00,10.0,tepat_waktu,0,0.6762732863426208,0.0023191611559252,0.0,0.0340668641017435,0
2026-09-07,0,2026-09-07 00:00:00+07:00,2026-09-06 23:50:00+07:00,10.0,tepat_waktu,0,0.7837941646575928,0.0077270589877925,0.0033333333333333,0.0498284364178525,0
2026-09-07,1,2026-09-07 01:00:00+07:00,2026-09-07 00:50:00+07:00,10.0,tepat_waktu,0,0.8276765942573547,0.009046212405542,0.0033333333333333,0.0576944283868236,0
2026-09-07,2,2026-09-07 02:00:00+07:00,2026-09-07 01:50:00+07:00,10.0,tepat_waktu,0,0.8529568314552307,0.0051010076771386,0.0,0.0616292204455917,0
2026-09-07,3,2026-09-07 03:00:00+07:00,2026-09-07 02:50:00+07:00,10.0,tepat_waktu,0,0.8387935161590576,0.0026001846706449,0.0,0.0587162359840528,0
2026-09-07,4,2026-09-07 04:00:00+07:00,2026-09-07 03:50:00+07:00,10.0,tepat_waktu,0,0.8293259143829346,0.0025714219332041,0.0,0.0569064474143514,0
2026-09-07,5,2026-09-07 05:00:00+07:00,2026-09-07 04:50:00+07:00,10.0,tepat_waktu,0,0.8184955716133118,0.0032058265953536,0.0,0.0549259890158907,0
2026-09-07,6,2026-09-07 06:00:00+07:00,2026-09-07 05:50:00+07:00,10.0,tepat_waktu,0,0.7964829206466675,0.0019091157390718,0.0,0.0510069138098266,0
2026-09-07,7,2026-09-07 07:00:00+07:00,2026-09-07 06:50:00+07:00,10.0,tepat_waktu,0,0.979864537715912,0.0240083596928101,0.0,0.0941522244298576,0
2026-09-08,21,2026-09-07 21:00:00+07:00,2026-09-07 20:50:00+07:00,10.0,tepat_waktu,0,0.2529451549053192,0.0021855730761657,0.0,0.0079257848361731,0
2026-09-08,22,2026-09-07 22:00:00+07:00,2026-09-07 21:50:00+07:00,10.0,tepat_waktu,0,0.1359665542840957,0.013409951698376,0.0,0.0053159807123724,0
2026-09-08,23,2026-09-07 23:00:00+07:00,2026-09-07 22:50:00+07:00,10.0,tepat_waktu,0,0.1286641657352447,0.0192161454389697,0.0,0.0052043428285724,0
2026-09-08,0,2026-09-08 00:00:00+07:00,2026-09-07 23:50:00+07:00,10.0,tepat_waktu,0,0.1338348090648651,0.0146052627276897,0.0,0.0052812132468396,0
2026-09-08,1,2026-09-08 01:00:00+07:00,2026-09-08 00:50:00+07:00,10.0,tepat_waktu,0,0.1036305427551269,0.0164706825140851,0.0,0.0047593633043579,0
2026-09-08,2,2026-09-08 02:00:00+07:00,2026-09-08 01:50:00+07:00,10.0,tepat_waktu,0,0.1534458100795745,0.0153999176328327,0.0,0.0056584317144714,0
2026-09-08,3,2026-09-08 03:00:00+07:00,2026-09-08 02:50:00+07:00,10.0,tepat_waktu,0,0.185613140463829,0.0076453167909072,0.0,0.0062941545109537,0
2026-09-08,4,2026-09-08 04:00:00+07:00,2026-09-08 03:50:00+07:00,10.0,tepat_waktu,0,0.1982330232858657,0.0137404666927097,0.0,0.006606540456197,0
2026-09-08,5,2026-09-08 05:00:00+07:00,2026-09-08 04:50:00+07:00,10.0,tepat_waktu,0,0.1706809997558593,0.0137802728749248,0.0,0.0060018050190994,0
2026-09-08,6,2026-09-08 06:00:00+07:00,2026-09-08 05:50:00+07:00,10.0,tepat_waktu,0,0.1467621773481369,0.0110823048161938,0.0,0.0055105954072985,0
2026-09-08,7,2026-09-08 07:00:00+07:00,2026-09-08 06:50:00+07:00,10.0,tepat_waktu,0,0.1433561742305755,0.0111918612114677,0.0,0.0054459484905671,0
2026-09-09,21,2026-09-08 21:00:00+07:00,2026-09-08 20:50:00+07:00,10.0,tepat_waktu,0,0.3007559180259704,0.0015143931389066,0.0,0.0093547122547182,0
2026-09-09,22,2026-09-08 22:00:00+07:00,2026-09-08 21:50:00+07:00,10.0,tepat_waktu,2,0.3002673685550689,0.0015192902047453,0.0033333333333333,0.0094843503690319,0
2026-09-09,23,2026-09-08 23:00:00+07:00,2026-09-08 22:50:00+07:00,10.0,tepat_waktu,0,0.290464699268341,0.0020345918797342,0.0033333333333333,0.0091701831625352,0
2026-09-09,0,2026-09-09 00:00:00+07:00,2026-09-08 23:50:00+07:00,10.0,tepat_waktu,0,0.3405838012695312,0.0031408151766698,0.0033333333333333,0.010922155200605,0
2026-09-09,1,2026-09-09 01:00:00+07:00,2026-09-09 00:50:00+07:00,10.0,tepat_waktu,0,0.471932053565979,0.0017711851743842,0.0033333333333333,0.0171866029624246,0
2026-09-09,2,2026-09-09 02:00:00+07:00,2026-09-09 01:50:00+07:00,10.0,tepat_waktu,0,0.5024316310882568,0.0017810196630333,0.0033333333333333,0.0190901954907022,0
2026-09-09,3,2026-09-09 03:00:00+07:00,2026-09-09 02:50:00+07:00,10.0,tepat_waktu,0,0.4578480720520019,0.0041284500206627,0.0,0.0161499640466675,0
2026-09-09,4,2026-09-09 04:00:00+07:00,2026-09-09 03:50:00+07:00,10.0,tepat_waktu,0,0.638030469417572,0.0005702298001371,0.0,0.0298810855809905,0
2026-09-09,5,2026-09-09 05:00:00+07:00,2026-09-09 04:50:00+07:00,10.0,tepat_waktu,0,0.7503201365470886,0.0008502705092866,0.0,0.0436828267240948,0
2026-09-09,6,2026-09-09 06:00:00+07:00,2026-09-09 05:50:00+07:00,10.0,tepat_waktu,0,0.9808207154273988,0.0239106088391074,0.0,0.0944324909687533,0
2026-09-09,7,2026-09-09 07:00:00+07:00,2026-09-09 06:50:00+07:00,10.0,tepat_waktu,0,0.7568488717079163,0.0014760584015477,0.0,0.0446691613638702,0
2026-09-10,21,2026-09-09 21:00:00+07:00,2026-09-09 20:50:00+07:00,10.0,tepat_waktu,0,0.380698025226593,0.00166572882843,0.0033333333333333,0.0125380870003798,0
2026-09-10,22,2026-09-09 22:00:00+07:00,2026-09-09 21:50:00+07:00,10.0,tepat_waktu,0,0.4347010552883148,0.0014163202906253,0.0033333333333333,0.0151105399410087,0
2026-09-10,23,2026-09-09 23:00:00+07:00,2026-09-09 22:50:00+07:00,10.0,tepat_waktu,0,0.6457794904708862,0.0018333246618938,0.0,0.0307067943943143,0
2026-09-10,0,2026-09-10 00:00:00+07:00,2026-09-09 23:50:00+07:00,10.0,tepat_waktu,0,0.7337982058525085,0.0028097740986076,0.01,0.0432795842501218,0
2026-09-10,1,2026-09-10 01:00:00+07:00,2026-09-10 00:50:00+07:00,10.0,tepat_waktu,0,0.7600181102752686,0.0025948833951777,0.0033333333333333,0.0458594136243263,0
2026-09-10,2,2026-09-10 02:00:00+07:00,2026-09-10 01:50:00+07:00,10.0,tepat_waktu,0,0.7583630084991455,0.0008425361710722,0.0,0.0448763367516535,0
2026-09-10,3,2026-09-10 03:00:00+07:00,2026-09-10 02:50:00+07:00,10.0,tepat_waktu,0,0.7419625520706177,0.000321316527676,0.0,0.042458654809771,0
2026-09-10,4,2026-09-10 04:00:00+07:00,2026-09-10 03:50:00+07:00,10.0,tepat_waktu,0,0.7358850836753845,0.0004375946562696,0.0,0.0416038303995614,0
2026-09-10,5,2026-09-10 05:00:00+07:00,2026-09-10 04:50:00+07:00,10.0,tepat_waktu,0,0.702792227268219,0.0006115607315619,0.0,0.0372187737421793,0
2026-09-10,6,2026-09-10 06:00:00+07:00,2026-09-10 05:50:00+07:00,10.0,tepat_waktu,0,0.9715675711631776,0.0239106150938028,0.0,0.0916933895713195,0
2026-09-10,7,2026-09-10 07:00:00+07:00,2026-09-10 06:50:00+07:00,10.0,tepat_waktu,0,0.6773735284805298,0.0029396662739846,0.0,0.034209176883857,0
2026-09-11,21,2026-09-10 21:00:00+07:00,2026-09-10 20:50:00+07:00,10.0,tepat_waktu,0,0.3161600530147552,0.001554626719976,0.0033333333333333,0.0100228588079168,0
2026-09-11,22,2026-09-10 22:00:00+07:00,2026-09-10 21:50:00+07:00,10.0,tepat_waktu,0,0.3892883956432342,0.0015360592997292,0.0033333333333333,0.0129154422620423,0
2026-09-11,23,2026-09-10 23:00:00+07:00,2026-09-10 22:50:00+07:00,10.0,tepat_waktu,0,0.3877777755260467,0.0019017715278055,0.0033333333333333,0.0128514851517095,0
2026-09-11,0,2026-09-11 00:00:00+07:00,2026-09-10 23:50:00+07:00,10.0,tepat_waktu,0,0.5535058379173279,0.0009961717447492,0.0033333333333333,0.0227374343314089,0
2026-09-11,1,2026-09-11 01:00:00+07:00,2026-09-11 00:50:00+07:00,10.0,tepat_waktu,0,0.635854959487915,0.0005550139043325,0.0,0.0296603594866392,0
2026-09-11,2,2026-09-11 02:00:00+07:00,2026-09-11 01:50:00+07:00,10.0,tepat_waktu,0,0.7386472225189209,0.0008785540107439,0.0033333333333333,0.0426373207812786,0
2026-09-11,3,2026-09-11 03:00:00+07:00,2026-09-11 02:50:00+07:00,10.0,tepat_waktu,3,0.8012908697128296,0.0016652335807771,0.0,0.0518205866830101,0
2026-09-11,4,2026-09-11 04:00:00+07:00,2026-09-11 03:50:00+07:00,10.0,tepat_waktu,4,0.8062728643417358,0.0028204282915793,0.0,0.0527284217840407,0
2026-09-11,5,2026-09-11 05:00:00+07:00,2026-09-11 04:50:00+07:00,10.0,tepat_waktu,10,0.8687966465950012,0.0200467827598475,0.0,0.0655930023454697,0
2026-09-11,6,2026-09-11 06:00:00+07:00,2026-09-11 05:50:00+07:00,10.0,tepat_waktu,3,0.8452702164649963,0.0109750835764115,0.0,0.0603331888197249,0
2026-09-11,7,2026-09-11 07:00:00+07:00,2026-09-11 06:50:00+07:00,10.0,tepat_waktu,9,0.9906110167503356,0.0239096765484893,0.0033333333333333,0.0987906667212192,0
2026-09-12,21,2026-09-11 21:00:00+07:00,2026-09-11 20:50:00+07:00,10.0,tepat_waktu,0,0.1533281207084655,0.0239106042818069,0.0,0.0056914743209752,0
2026-09-12,22,2026-09-11 22:00:00+07:00,2026-09-11 21:50:00+07:00,10.0,tepat_waktu,2,0.2709473073482513,0.0235376349843019,0.0033333333333333,0.0087042287845582,0
2026-09-12,23,2026-09-11 23:00:00+07:00,2026-09-11 22:50:00+07:00,10.0,tepat_waktu,0,0.3103477656841278,0.0239106012879878,0.0,0.0098309777278798,0
2026-09-12,0,2026-09-12 00:00:00+07:00,2026-09-11 23:50:00+07:00,10.0,tepat_waktu,0,0.3499731719493866,0.0033260302692762,0.0033333333333333,0.0112852376300014,0
2026-09-12,1,2026-09-12 01:00:00+07:00,2026-09-12 00:50:00+07:00,10.0,tepat_waktu,0,0.3869389593601227,0.0038621157797066,0.0033333333333333,0.0128324921008183,0
2026-09-12,2,2026-09-12 02:00:00+07:00,2026-09-12 01:50:00+07:00,10.0,tepat_waktu,0,0.4812797904014587,0.0021013251202985,0.0033333333333333,0.0177535096756898,0
2026-09-12,3,2026-09-12 03:00:00+07:00,2026-09-12 02:50:00+07:00,10.0,tepat_waktu,0,0.5772600769996643,0.0010800172512017,0.0,0.0242931557050043,0
2026-09-12,4,2026-09-12 04:00:00+07:00,2026-09-12 03:50:00+07:00,10.0,tepat_waktu,0,0.5947462320327759,0.0010342129707133,0.0,0.0257892685540377,0
2026-09-12,5,2026-09-12 05:00:00+07:00,2026-09-12 04:50:00+07:00,10.0,tepat_waktu,5,0.6277459263801575,0.0105950138939729,0.0,0.0290605688041099,0
2026-09-12,6,2026-09-12 06:00:00+07:00,2026-09-12 05:50:00+07:00,10.0,tepat_waktu,11,0.5948958396911621,0.0083956103309812,0.0,0.0259390992279368,0
2026-09-12,7,2026-09-12 07:00:00+07:00,2026-09-12 06:50:00+07:00,10.0,tepat_waktu,17,0.8478462100028992,0.0228397430277062,0.0,0.0613487707140732,0
2026-09-13,21,2026-09-12 21:00:00+07:00,2026-09-12 20:50:00+07:00,10.0,tepat_waktu,0,0.0156526770442724,0.0184176474352092,0.0,0.0035051315955145,0
2026-09-13,22,2026-09-12 22:00:00+07:00,2026-09-12 21:50:00+07:00,10.0,tepat_waktu,0,0.0410623326897621,0.0105962820617818,0.0,0.0038086927675411,0
2026-09-13,23,2026-09-12 23:00:00+07:00,2026-09-12 22:50:00+07:00,10.0,tepat_waktu,0,0.0055505111813545,0.0214473252191,0.0,0.0033910549184478,0
2026-09-13,0,2026-09-13 00:00:00+07:00,2026-09-12 23:50:00+07:00,10.0,tepat_waktu,0,0.0207257997244596,0.0195239084004836,0.0,0.0035707328420962,0
2026-09-13,1,2026-09-13 01:00:00+07:00,2026-09-13 00:50:00+07:00,10.0,tepat_waktu,0,0.1013780906796455,0.0078778007132468,0.0,0.0046924349845355,0
2026-09-13,2,2026-09-13 02:00:00+07:00,2026-09-13 01:50:00+07:00,10.0,tepat_waktu,0,0.2094491273164749,0.0068277389279292,0.0,0.0068351504690569,0
2026-09-13,3,2026-09-13 03:00:00+07:00,2026-09-13 02:50:00+07:00,10.0,tepat_waktu,0,0.0667691603302955,0.0216081263617112,0.0,0.0042003564949772,0
2026-09-13,4,2026-09-13 04:00:00+07:00,2026-09-13 03:50:00+07:00,10.0,tepat_waktu,0,0.0299937538802623,0.0233680296615286,0.0033333333333333,0.0037566455861514,0
2026-09-13,5,2026-09-13 05:00:00+07:00,2026-09-13 04:50:00+07:00,10.0,tepat_waktu,0,0.0241922121495008,0.0235956556887229,0.0,0.0036250703628294,0
2026-09-13,6,2026-09-13 06:00:00+07:00,2026-09-13 05:50:00+07:00,10.0,tepat_waktu,0,0.0329160168766975,0.0236397350014738,0.0,0.0037374062583074,0
2026-09-13,7,2026-09-13 07:00:00+07:00,2026-09-13 06:50:00+07:00,10.0,tepat_waktu,0,0.0674658492207527,0.0235767180054808,0.0033333333333333,0.0042827016374408,0
2026-09-14,21,2026-09-13 21:00:00+07:00,2026-09-13 20:50:00+07:00,10.0,tepat_waktu,0,0.010216056369245,0.021412402612305,0.0,0.0034467222800304,0
2026-09-14,22,2026-09-13 22:00:00+07:00,2026-09-13 21:50:00+07:00,10.0,tepat_waktu,0,0.0595287643373012,0.0130714218336455,0.0,0.0040698951199578,0
2026-09-14,23,2026-09-13 23:00:00+07:00,2026-09-13 22:50:00+07:00,10.0,tepat_waktu,0,0.170064240694046,0.0121623432384282,0.0,0.0059818232365789,0
2026-09-14,0,2026-09-14 00:00:00+07:00,2026-09-13 23:50:00+07:00,10.0,tepat_waktu,0,0.0726180598139762,0.0207160209821597,0.0,0.0042842387897793,0
2026-09-14,1,2026-09-14 01:00:00+07:00,2026-09-14 00:50:00+07:00,10.0,tepat_waktu,0,0.0354096516966819,0.0152964214929616,0.0,0.003747103596142,0
2026-09-14,2,2026-09-14 02:00:00+07:00,2026-09-14 01:50:00+07:00,10.0,tepat_waktu,0,0.3548199236392975,0.0103071056391588,0.0,0.0113584214604497,0
2026-09-14,3,2026-09-14 03:00:00+07:00,2026-09-14 02:50:00+07:00,10.0,tepat_waktu,0,0.1371690332889557,0.0192731719330171,0.0,0.0053613090322612,0
2026-09-14,4,2026-09-14 04:00:00+07:00,2026-09-14 03:50:00+07:00,10.0,tepat_waktu,0,0.1378786414861679,0.0214530361351611,0.0,0.0053831875652392,0
2026-09-14,5,2026-09-14 05:00:00+07:00,2026-09-14 04:50:00+07:00,10.0,tepat_waktu,0,0.2001788169145584,0.0193824783062746,0.0,0.00667899576575,0
2026-09-14,6,2026-09-14 06:00:00+07:00,2026-09-14 05:50:00+07:00,10.0,tepat_waktu,0,0.4059650599956512,0.0098912865516076,0.0,0.0135558450619187,0
2026-09-14,7,2026-09-14 07:00:00+07:00,2026-09-14 06:50:00+07:00,10.0,tepat_waktu,0,0.192387118935585,0.0239103158648238,0.0133333333333333,0.0069387866765814,0
2026-09-15,21,2026-09-14 21:00:00+07:00,2026-09-14 20:50:00+07:00,10.0,tepat_waktu,0,0.4467785954475403,0.0062391909094409,0.0033333333333333,0.0158092728741601,0
2026-09-15,22,2026-09-14 22:00:00+07:00,2026-09-14 21:50:00+07:00,10.0,tepat_waktu,0,0.1428658366203308,0.014642950735621,0.0,0.0054504028635964,0
2026-09-15,23,2026-09-14 23:00:00+07:00,2026-09-14 22:50:00+07:00,10.0,tepat_waktu,0,0.1920486092567443,0.0080364404032505,0.0,0.0064387606863481,0
2026-09-15,0,2026-09-15 00:00:00+07:00,2026-09-14 23:50:00+07:00,10.0,tepat_waktu,0,0.7354645133018494,0.0033361406609464,0.0033333333333333,0.042257162077155,0
2026-09-15,1,2026-09-15 01:00:00+07:00,2026-09-15 00:50:00+07:00,10.0,tepat_waktu,0,0.9151525497436525,0.0033516005516595,0.0,0.075428287397295,0
2026-09-15,2,2026-09-15 02:00:00+07:00,2026-09-15 01:50:00+07:00,10.0,tepat_waktu,0,0.94913911819458,0.0069818549149182,0.0,0.084380259813776,0
2026-09-15,3,2026-09-15 03:00:00+07:00,2026-09-15 02:50:00+07:00,10.0,tepat_waktu,0,0.9551898241043092,0.0065572157844874,0.0033333333333333,0.0872444584783329,0
2026-09-15,4,2026-09-15 04:00:00+07:00,2026-09-15 03:50:00+07:00,10.0,tepat_waktu,0,0.94834303855896,0.0040340919449013,0.01,0.0876701732310733,0
2026-09-15,5,2026-09-15 05:00:00+07:00,2026-09-15 04:50:00+07:00,10.0,tepat_waktu,0,0.9455538988113404,0.0176950133232976,0.0,0.0840190595828429,0
2026-09-15,6,2026-09-15 06:00:00+07:00,2026-09-15 05:50:00+07:00,10.0,tepat_waktu,0,0.9308968782424928,0.0225215709674166,0.0,0.0804087808499929,0
2026-09-15,7,2026-09-15 07:00:00+07:00,2026-09-15 06:50:00+07:00,10.0,tepat_waktu,0,0.919825792312622,0.0238447388440351,0.0,0.0776536158583829,0
2026-09-16,21,2026-09-15 21:00:00+07:00,2026-09-15 20:50:00+07:00,10.0,tepat_waktu,0,0.6170894503593445,0.0177828046728607,0.0,0.0281688617803891,0
2026-09-16,22,2026-09-15 22:00:00+07:00,2026-09-15 21:50:00+07:00,10.0,tepat_waktu,0,0.1008386835455894,0.0109325522400577,0.0,0.0046941074535191,0
2026-09-16,23,2026-09-15 23:00:00+07:00,2026-09-15 22:50:00+07:00,10.0,tepat_waktu,0,0.4171552956104278,0.0020582400091348,0.0033333333333333,0.0142281121865465,0
2026-09-16,0,2026-09-16 00:00:00+07:00,2026-09-15 23:50:00+07:00,10.0,tepat_waktu,0,0.6103763580322266,0.0009702897143894,0.0,0.027201783499735,0
2026-09-16,1,2026-09-16 01:00:00+07:00,2026-09-16 00:50:00+07:00,10.0,tepat_waktu,0,0.7354903221130371,0.0018789742851188,0.0,0.0415909549450677,0
2026-09-16,2,2026-09-16 02:00:00+07:00,2026-09-16 01:50:00+07:00,10.0,tepat_waktu,0,0.7997244000434875,0.0021727217457109,0.0,0.0515695641850257,0
2026-09-16,3,2026-09-16 03:00:00+07:00,2026-09-16 02:50:00+07:00,10.0,tepat_waktu,0,0.7831829786300659,0.0009032782836222,0.0,0.0487611980236236,0
2026-09-16,4,2026-09-16 04:00:00+07:00,2026-09-16 03:50:00+07:00,10.0,tepat_waktu,0,0.7533473968505859,0.0008008618665317,0.0,0.0441270106292895,0
2026-09-16,5,2026-09-16 05:00:00+07:00,2026-09-16 04:50:00+07:00,10.0,tepat_waktu,0,0.6936196684837341,0.0007559509040647,0.0,0.0360866301992393,0
2026-09-16,6,2026-09-16 06:00:00+07:00,2026-09-16 05:50:00+07:00,10.0,tepat_waktu,0,0.8200494050979614,0.0073858504671198,0.0,0.0553703972108353,0
2026-09-16,7,2026-09-16 07:00:00+07:00,2026-09-16 06:50:00+07:00,10.0,tepat_waktu,0,0.8084113597869873,0.0034594563020523,0.0,0.0531279997149452,0
2026-09-17,21,2026-09-16 21:00:00+07:00,2026-09-16 20:50:00+07:00,10.0,tepat_waktu,0,0.3906489014625549,0.0023998749369975,0.0033333333333333,0.0129845710126878,0
2026-09-17,22,2026-09-16 22:00:00+07:00,2026-09-16 21:50:00+07:00,10.0,tepat_waktu,0,0.5326054096221924,0.001977720689774,0.0066666666666666,0.021505140628463,0
2026-09-17,23,2026-09-16 23:00:00+07:00,2026-09-16 22:50:00+07:00,10.0,tepat_waktu,0,0.3907773792743683,0.0023422622508738,0.0033333333333333,0.0129898034898387,0
2026-09-17,0,2026-09-17 00:00:00+07:00,2026-09-16 23:50:00+07:00,10.0,tepat_waktu,0,0.7593058347702026,0.0118348115815214,0.0133333333333333,0.0481488283440937,0
2026-09-17,1,2026-09-17 01:00:00+07:00,2026-09-17 00:50:00+07:00,10.0,tepat_waktu,0,0.6031425595283508,0.0006595206362199,0.0,0.0265324666975897,0
2026-09-17,2,2026-09-17 02:00:00+07:00,2026-09-17 01:50:00+07:00,10.0,tepat_waktu,0,0.5749152302742004,0.0006495536212413,0.0,0.0240915164222451,0
2026-09-17,3,2026-09-17 03:00:00+07:00,2026-09-17 02:50:00+07:00,10.0,tepat_waktu,0,0.5761352777481079,0.0009599787936068,0.0,0.0241977303088553,0
2026-09-17,4,2026-09-17 04:00:00+07:00,2026-09-17 03:50:00+07:00,10.0,tepat_waktu,0,0.5586278438568115,0.0015678861533648,0.0,0.0227993473909358,0
2026-09-17,5,2026-09-17 05:00:00+07:00,2026-09-17 04:50:00+07:00,10.0,tepat_waktu,0,0.6500556468963623,0.000980672903776,0.0,0.0311374114107928,0
2026-09-17,6,2026-09-17 06:00:00+07:00,2026-09-17 05:50:00+07:00,10.0,tepat_waktu,0,0.9278815984725952,0.0214619452158159,0.0,0.0795730391120742,0
2026-09-17,7,2026-09-17 07:00:00+07:00,2026-09-17 06:50:00+07:00,10.0,tepat_waktu,0,0.9842968583106996,0.0239106043497998,0.0,0.0954802963218401,0
2026-09-18,21,2026-09-17 21:00:00+07:00,2026-09-17 20:50:00+07:00,10.0,tepat_waktu,0,0.5421316623687744,0.0027977660835348,0.0033333333333333,0.0218960378768272,0
2026-09-18,22,2026-09-17 22:00:00+07:00,2026-09-17 21:50:00+07:00,10.0,tepat_waktu,0,0.6226934790611267,0.0031402354325081,0.0,0.0284127252870275,0
2026-09-18,23,2026-09-17 23:00:00+07:00,2026-09-17 22:50:00+07:00,10.0,tepat_waktu,0,0.6512402296066284,0.0025119339851616,0.0,0.0312971757235738,0
2026-09-18,0,2026-09-18 00:00:00+07:00,2026-09-17 23:50:00+07:00,10.0,tepat_waktu,0,0.6873443126678467,0.0016347608390591,0.0033333333333333,0.0358868219195645,0
2026-09-18,1,2026-09-18 01:00:00+07:00,2026-09-18 00:50:00+07:00,10.0,tepat_waktu,0,0.6501703858375549,0.0007464766852929,0.0,0.0311443491072464,0
2026-09-18,2,2026-09-18 02:00:00+07:00,2026-09-18 01:50:00+07:00,10.0,tepat_waktu,0,0.6402626037597656,0.0005038770920441,0.0,0.0301074482203776,0
2026-09-18,3,2026-09-18 03:00:00+07:00,2026-09-18 02:50:00+07:00,10.0,tepat_waktu,0,0.6188350319862366,0.0004925967068347,0.0,0.0279884033315041,0
2026-09-18,4,2026-09-18 04:00:00+07:00,2026-09-18 03:50:00+07:00,10.0,tepat_waktu,0,0.8742161989212036,0.0234519244702829,0.0,0.0669241801823567,0
2026-09-18,5,2026-09-18 05:00:00+07:00,2026-09-18 04:50:00+07:00,10.0,tepat_waktu,0,0.5911169052124023,0.0015471688564162,0.0,0.0254807477534442,0
2026-09-18,6,2026-09-18 06:00:00+07:00,2026-09-18 05:50:00+07:00,10.0,tepat_waktu,0,0.591292142868042,0.0039083696975246,0.0,0.0255392611660185,0
2026-09-18,7,2026-09-18 07:00:00+07:00,2026-09-18 06:50:00+07:00,10.0,tepat_waktu,0,0.6146543025970459,0.0102579781008686,0.0,0.0277858684304139,0
2026-09-19,21,2026-09-18 21:00:00+07:00,2026-09-18 20:50:00+07:00,10.0,tepat_waktu,0,0.3932329714298248,0.012160600330845,0.0,0.0129928922932258,0
2026-09-19,22,2026-09-18 22:00:00+07:00,2026-09-18 21:50:00+07:00,10.0,tepat_waktu,0,0.3002277314662933,0.0022881826929639,0.0033333333333333,0.0094883654784777,0
2026-09-19,23,2026-09-18 23:00:00+07:00,2026-09-18 22:50:00+07:00,10.0,tepat_waktu,0,0.3857533931732178,0.002577107936509,0.0033333333333333,0.0127679858653116,0
2026-09-19,0,2026-09-19 00:00:00+07:00,2026-09-18 23:50:00+07:00,10.0,tepat_waktu,0,0.5333525538444519,0.0237843714704004,0.0,0.0212431516452403,0
2026-09-19,1,2026-09-19 01:00:00+07:00,2026-09-19 00:50:00+07:00,10.0,tepat_waktu,0,0.2443268895149231,0.0078131301443687,0.0033333333333333,0.0078438081345088,0
2026-09-19,2,2026-09-19 02:00:00+07:00,2026-09-19 01:50:00+07:00,10.0,tepat_waktu,0,0.2281477600336074,0.0110955726499322,0.0033333333333333,0.0074321060904627,0
2026-09-19,3,2026-09-19 03:00:00+07:00,2026-09-19 02:50:00+07:00,10.0,tepat_waktu,0,0.2132936865091323,0.0121558194088468,0.0033333333333333,0.007062943661527,0
2026-09-19,4,2026-09-19 04:00:00+07:00,2026-09-19 03:50:00+07:00,10.0,tepat_waktu,0,0.24712535738945,0.0115445238672361,0.0033333333333333,0.007942190994754,0
2026-09-19,5,2026-09-19 05:00:00+07:00,2026-09-19 04:50:00+07:00,10.0,tepat_waktu,0,0.3061615228652954,0.0118191480374546,0.0,0.0096039887774827,0
2026-09-19,6,2026-09-19 06:00:00+07:00,2026-09-19 05:50:00+07:00,10.0,tepat_waktu,0,0.4278287589550018,0.0134695910582085,0.0033333333333333,0.014885601542764,0
2026-09-19,7,2026-09-19 07:00:00+07:00,2026-09-19 06:50:00+07:00,10.0,tepat_waktu,0,0.398585170507431,0.0186393537000603,0.0,0.0132983180637303,0
2026-09-20,21,2026-09-19 21:00:00+07:00,2026-09-19 20:50:00+07:00,10.0,tepat_waktu,0,0.4794595241546631,0.0027566412690279,0.0033333333333333,0.0176508837744893,0
2026-09-20,22,2026-09-19 22:00:00+07:00,2026-09-19 21:50:00+07:00,10.0,tepat_waktu,0,0.5101229548454285,0.0022136080900566,0.0033333333333333,0.0196080939358809,0
2026-09-20,23,2026-09-19 23:00:00+07:00,2026-09-19 22:50:00+07:00,10.0,tepat_waktu,0,0.7688462138175964,0.0238398304945202,0.0033333333333333,0.0479427200473879,0
2026-09-20,0,2026-09-20 00:00:00+07:00,2026-09-19 23:50:00+07:00,10.0,tepat_waktu,0,0.5640479922294617,0.0012664629465588,0.0,0.023221731625157,0
2026-09-20,1,2026-09-20 01:00:00+07:00,2026-09-20 00:50:00+07:00,10.0,tepat_waktu,0,0.6178054809570312,0.0007406502643637,0.0,0.0278952840407398,0
2026-09-20,2,2026-09-20 02:00:00+07:00,2026-09-20 01:50:00+07:00,10.0,tepat_waktu,0,0.6300475597381592,0.0005489029555076,0.0,0.0290795756524629,0
2026-09-20,3,2026-09-20 03:00:00+07:00,2026-09-20 02:50:00+07:00,10.0,tepat_waktu,0,0.6761438846588135,0.0003952426688147,0.0033333333333333,0.034521662961123,0
2026-09-20,4,2026-09-20 04:00:00+07:00,2026-09-20 03:50:00+07:00,10.0,tepat_waktu,0,0.7150357961654663,0.0004509769770235,0.0,0.0387841518034336,0
2026-09-20,5,2026-09-20 05:00:00+07:00,2026-09-20 04:50:00+07:00,10.0,tepat_waktu,0,0.7243670225143433,0.0009391283184161,0.0,0.0400366898650179,0
2026-09-20,6,2026-09-20 06:00:00+07:00,2026-09-20 05:50:00+07:00,10.0,tepat_waktu,0,0.7219687700271606,0.0014444453063456,0.0,0.0397288381362493,0
2026-09-20,7,2026-09-20 07:00:00+07:00,2026-09-20 06:50:00+07:00,10.0,tepat_waktu,0,0.6307536959648132,0.0047703622791737,0.0,0.0292377082780119,0
2026-09-21,21,2026-09-20 21:00:00+07:00,2026-09-20 20:50:00+07:00,10.0,tepat_waktu,0,0.3495062589645386,0.0023568769301799,0.0033333333333333,0.0112590298466288,0
2026-09-21,22,2026-09-20 22:00:00+07:00,2026-09-20 21:50:00+07:00,10.0,tepat_waktu,0,0.4091714918613434,0.0022823626319589,0.0033333333333333,0.0138429018060494,0
2026-09-21,23,2026-09-20 23:00:00+07:00,2026-09-20 22:50:00+07:00,10.0,tepat_waktu,0,0.5069575309753418,0.0019255990843977,0.0033333333333333,0.0193917617348688,0
2026-09-21,0,2026-09-21 00:00:00+07:00,2026-09-20 23:50:00+07:00,10.0,tepat_waktu,2,0.4917787611484527,0.008890735374585,0.0033333333333333,0.0184977804955326,0
2026-09-21,1,2026-09-21 01:00:00+07:00,2026-09-21 00:50:00+07:00,10.0,tepat_waktu,0,0.4407922029495239,0.0021382930097371,0.0,0.0152044727968816,0
2026-09-21,2,2026-09-21 02:00:00+07:00,2026-09-21 01:50:00+07:00,10.0,tepat_waktu,0,0.7204843163490295,0.0190308805826509,0.0,0.0400254333526382,0
2026-09-21,3,2026-09-21 03:00:00+07:00,2026-09-21 02:50:00+07:00,10.0,tepat_waktu,0,0.487691730260849,0.0026077609204888,0.0,0.0178805373448016,0
2026-09-21,4,2026-09-21 04:00:00+07:00,2026-09-21 03:50:00+07:00,10.0,tepat_waktu,0,0.8390636444091797,0.0235301146716783,0.0,0.0596271803140134,0
2026-09-21,5,2026-09-21 05:00:00+07:00,2026-09-21 04:50:00+07:00,10.0,tepat_waktu,0,0.5498958826065063,0.0030312633220387,0.0,0.0221502056856903,0
2026-09-21,6,2026-09-21 06:00:00+07:00,2026-09-21 05:50:00+07:00,10.0,tepat_waktu,0,0.5836279392242432,0.0041209500262253,0.0,0.0248825138690278,0
2026-09-21,7,2026-09-21 07:00:00+07:00,2026-09-21 06:50:00+07:00,10.0,tepat_waktu,0,0.949447751045227,0.0238589626657673,0.0,0.0854301895560388,0
2026-09-22,21,2026-09-21 21:00:00+07:00,2026-09-21 20:50:00+07:00,10.0,tepat_waktu,0,0.5115283727645874,0.0031424058176446,0.0033333333333333,0.0197162984406153,0
2026-09-22,22,2026-09-21 22:00:00+07:00,2026-09-21 21:50:00+07:00,10.0,tepat_waktu,0,0.6419962644577026,0.0046438185203047,0.0,0.0303752013112708,0
2026-09-22,23,2026-09-21 23:00:00+07:00,2026-09-21 22:50:00+07:00,10.0,tepat_waktu,0,0.6556590795516968,0.0031448872710612,0.0,0.0317848410622968,0
2026-09-22,0,2026-09-22 00:00:00+07:00,2026-09-21 23:50:00+07:00,10.0,tepat_waktu,0,0.6823593974113464,0.0018687232711122,0.0033333333333333,0.0352926306180643,0
2026-09-22,1,2026-09-22 01:00:00+07:00,2026-09-22 00:50:00+07:00,10.0,tepat_waktu,0,0.6760919094085693,0.000956454828054,0.0,0.0340129429443942,0
2026-09-22,2,2026-09-22 02:00:00+07:00,2026-09-22 01:50:00+07:00,10.0,tepat_waktu,0,0.6491687297821045,0.000580235413575,0.0,0.0310348303421909,0
2026-09-22,3,2026-09-22 03:00:00+07:00,2026-09-22 02:50:00+07:00,10.0,tepat_waktu,0,0.6971142292022705,0.0004392825243017,0.0,0.0365072118917413,0
2026-09-22,4,2026-09-22 04:00:00+07:00,2026-09-22 03:50:00+07:00,10.0,tepat_waktu,0,0.8284754753112793,0.0145519925597768,0.0,0.0572207591341888,0
2026-09-22,5,2026-09-22 05:00:00+07:00,2026-09-22 04:50:00+07:00,10.0,tepat_waktu,0,0.6723958253860474,0.0009432457652308,0.0,0.0335892484159646,0
2026-09-22,6,2026-09-22 06:00:00+07:00,2026-09-22 05:50:00+07:00,10.0,tepat_waktu,0,0.4571771025657654,0.0110538103485194,0.0,0.0161936774497084,0
2026-09-22,7,2026-09-22 07:00:00+07:00,2026-09-22 06:50:00+07:00,10.0,tepat_waktu,0,0.9279798865318298,0.0238409583082259,0.0066666666666666,0.0820467075946353,0
2026-09-23,21,2026-09-22 21:00:00+07:00,2026-09-22 20:50:00+07:00,10.0,tepat_waktu,0,0.3027794957160949,0.0042157863268845,0.0033333333333333,0.0095863236914639,0
2026-09-23,22,2026-09-22 22:00:00+07:00,2026-09-22 21:50:00+07:00,10.0,tepat_waktu,0,0.3646413385868072,0.0029143644880781,0.0033333333333333,0.011870404883848,0
2026-09-23,23,2026-09-22 23:00:00+07:00,2026-09-22 22:50:00+07:00,10.0,tepat_waktu,0,0.4068981409072876,0.0024993662495252,0.0033333333333333,0.0137366367962956,0
2026-09-23,0,2026-09-23 00:00:00+07:00,2026-09-22 23:50:00+07:00,10.0,tepat_waktu,0,0.3892351984977722,0.0025217734480972,0.0033333333333333,0.0129223212395229,0
2026-09-23,1,2026-09-23 01:00:00+07:00,2026-09-23 00:50:00+07:00,10.0,tepat_waktu,0,0.3885299563407898,0.0025018358932903,0.0,0.0126935732102123,0
2026-09-23,2,2026-09-23 02:00:00+07:00,2026-09-23 01:50:00+07:00,10.0,tepat_waktu,0,0.3420355916023254,0.0043907237434508,0.0,0.0108190293118945,0
2026-09-23,3,2026-09-23 03:00:00+07:00,2026-09-23 02:50:00+07:00,10.0,tepat_waktu,0,0.3235158920288086,0.007025763587327,0.0,0.0101650072113764,0
2026-09-23,4,2026-09-23 04:00:00+07:00,2026-09-23 03:50:00+07:00,10.0,tepat_waktu,0,0.3057164847850799,0.00967268733783,0.0033333333333333,0.0097232496751963,0
2026-09-23,5,2026-09-23 05:00:00+07:00,2026-09-23 04:50:00+07:00,10.0,tepat_waktu,0,0.0828306525945663,0.0171968412268559,0.0033333333333333,0.0044976746113592,0
2026-09-23,6,2026-09-23 06:00:00+07:00,2026-09-23 05:50:00+07:00,10.0,tepat_waktu,0,0.2446016818284988,0.0156218239390204,0.0,0.007774937804265,0
2026-09-23,7,2026-09-23 07:00:00+07:00,2026-09-23 06:50:00+07:00,10.0,tepat_waktu,0,0.2406669408082962,0.0176162289679083,0.0,0.0076803780583884,0
2026-09-24,21,2026-09-23 21:00:00+07:00,2026-09-23 20:50:00+07:00,10.0,tepat_waktu,0,0.6610398888587952,0.0227823030294459,0.0,0.0328269423389336,0
2026-09-24,22,2026-09-23 22:00:00+07:00,2026-09-23 21:50:00+07:00,10.0,tepat_waktu,2,0.7186192274093628,0.0229284406214659,0.0,0.0398846199590174,0
2026-09-24,23,2026-09-23 23:00:00+07:00,2026-09-23 22:50:00+07:00,10.0,tepat_waktu,0,0.7235605120658875,0.023098012509435,0.0033333333333333,0.0411700514355422,0
2026-09-24,0,2026-09-24 00:00:00+07:00,2026-09-23 23:50:00+07:00,10.0,tepat_waktu,0,0.8163830637931824,0.0202295686756386,0.0166666666666666,0.0594053185512422,0
2026-09-24,1,2026-09-24 01:00:00+07:00,2026-09-24 00:50:00+07:00,10.0,tepat_waktu,0,0.8126028180122375,0.0096241923594988,0.01,0.0565506199206706,0
2026-09-24,2,2026-09-24 02:00:00+07:00,2026-09-24 01:50:00+07:00,10.0,tepat_waktu,0,0.836719810962677,0.0108927841914705,0.01,0.0612904170931491,0
2026-09-24,3,2026-09-24 03:00:00+07:00,2026-09-24 02:50:00+07:00,10.0,tepat_waktu,0,0.8329079151153564,0.0081643985440983,0.0,0.057808453697069,0
2026-09-24,4,2026-09-24 04:00:00+07:00,2026-09-24 03:50:00+07:00,10.0,tepat_waktu,0,0.8320281505584717,0.0085815667740462,0.0,0.0576573051954614,0
2026-09-24,5,2026-09-24 05:00:00+07:00,2026-09-24 04:50:00+07:00,10.0,tepat_waktu,0,0.815549373626709,0.0092150383264727,0.0,0.0546201365956374,0
2026-09-24,6,2026-09-24 06:00:00+07:00,2026-09-24 05:50:00+07:00,10.0,tepat_waktu,0,0.8122420310974121,0.0047881737332688,0.0,0.0538578215542602,0
2026-09-24,7,2026-09-24 07:00:00+07:00,2026-09-24 06:50:00+07:00,10.0,tepat_waktu,0,0.9622613787651062,0.0170328962154605,0.0,0.0886009172755052,0
2026-09-25,21,2026-09-24 21:00:00+07:00,2026-09-24 20:50:00+07:00,10.0,tepat_waktu,0,0.2105158567428589,0.0062006867688377,0.0033333333333333,0.0069645402680474,0
2026-09-25,22,2026-09-24 22:00:00+07:00,2026-09-24 21:50:00+07:00,10.0,tepat_waktu,0,0.2499035149812698,0.0041745569439352,0.0033333333333333,0.0079762689256962,0
2026-09-25,23,2026-09-24 23:00:00+07:00,2026-09-24 22:50:00+07:00,10.0,tepat_waktu,0,0.3269695937633514,0.0035464901135241,0.0033333333333333,0.0104212507368058,0
2026-09-25,0,2026-09-25 00:00:00+07:00,2026-09-24 23:50:00+07:00,10.0,tepat_waktu,0,0.3674171864986419,0.0030207957220198,0.0033333333333333,0.0119860782523545,0
2026-09-25,1,2026-09-25 01:00:00+07:00,2026-09-25 00:50:00+07:00,10.0,tepat_waktu,0,0.5046607255935669,0.0012557479967769,0.0033333333333333,0.0192298559890218,0
2026-09-25,2,2026-09-25 02:00:00+07:00,2026-09-25 01:50:00+07:00,10.0,tepat_waktu,0,0.5170417428016663,0.0010077485257516,0.0033333333333333,0.0200626113452491,0
2026-09-25,3,2026-09-25 03:00:00+07:00,2026-09-25 02:50:00+07:00,10.0,tepat_waktu,0,0.5314996242523193,0.0009236384545271,0.0,0.020763309719884,0
2026-09-25,4,2026-09-25 04:00:00+07:00,2026-09-25 03:50:00+07:00,10.0,tepat_waktu,0,0.5368557572364807,0.0010863418010083,0.0,0.0211512192312661,0
2026-09-25,5,2026-09-25 05:00:00+07:00,2026-09-25 04:50:00+07:00,10.0,tepat_waktu,0,0.5330082774162292,0.0022654643237753,0.0,0.0208913783631323,0
2026-09-25,6,2026-09-25 06:00:00+07:00,2026-09-25 05:50:00+07:00,10.0,tepat_waktu,0,0.5611441135406494,0.0039408976203769,0.0,0.0230361142618179,0
2026-09-25,7,2026-09-25 07:00:00+07:00,2026-09-25 06:50:00+07:00,10.0,tepat_waktu,0,0.5394309759140015,0.0084144972278611,0.0,0.0214520505558667,0
2026-09-26,21,2026-09-25 21:00:00+07:00,2026-09-25 20:50:00+07:00,10.0,tepat_waktu,0,0.3013771772384643,0.0028138728406266,0.0033333333333333,0.0095299853656748,0
2026-09-26,22,2026-09-25 22:00:00+07:00,2026-09-25 21:50:00+07:00,10.0,tepat_waktu,0,0.2491000294685363,0.0038948584498254,0.0033333333333333,0.007952374985248,0
2026-09-26,23,2026-09-25 23:00:00+07:00,2026-09-25 22:50:00+07:00,10.0,tepat_waktu,0,0.2925179600715637,0.004134024480791,0.0033333333333333,0.0092500113145847,0
2026-09-26,0,2026-09-26 00:00:00+07:00,2026-09-25 23:50:00+07:00,10.0,tepat_waktu,0,0.3837339580059051,0.0028673934055949,0.0033333333333333,0.0126816879056448,0
2026-09-26,1,2026-09-26 01:00:00+07:00,2026-09-26 00:50:00+07:00,10.0,tepat_waktu,0,0.3883287608623504,0.0027776674680261,0.0066666666666666,0.0130841956477614,0
2026-09-26,2,2026-09-26 02:00:00+07:00,2026-09-26 01:50:00+07:00,10.0,tepat_waktu,2,0.4964896440505981,0.001226242225666,0.0,0.0184121757952181,0
2026-09-26,3,2026-09-26 03:00:00+07:00,2026-09-26 02:50:00+07:00,10.0,tepat_waktu,0,0.5485695600509644,0.0007590551527742,0.0,0.0220136085292105,0
2026-09-26,4,2026-09-26 04:00:00+07:00,2026-09-26 03:50:00+07:00,10.0,tepat_waktu,2,0.6141900420188904,0.0005019695792376,0.0,0.0275487518229968,0
2026-09-26,5,2026-09-26 05:00:00+07:00,2026-09-26 04:50:00+07:00,10.0,tepat_waktu,0,0.6030017137527466,0.0012632892926856,0.0,0.0265311932798099,0
2026-09-26,6,2026-09-26 06:00:00+07:00,2026-09-26 05:50:00+07:00,10.0,tepat_waktu,0,0.5912259221076965,0.0030528057567898,0.0,0.0255178065121301,0
2026-09-26,7,2026-09-26 07:00:00+07:00,2026-09-26 06:50:00+07:00,10.0,tepat_waktu,0,0.5698602199554443,0.0066428038872946,0.0,0.0237804202114024,0
2026-09-27,21,2026-09-26 21:00:00+07:00,2026-09-26 20:50:00+07:00,10.0,tepat_waktu,0,0.4060632884502411,0.0045490133916187,0.0033333333333333,0.0137174317224794,0
2026-09-27,22,2026-09-26 22:00:00+07:00,2026-09-26 21:50:00+07:00,10.0,tepat_waktu,0,0.5288902521133423,0.0036035349147643,0.0133333333333333,0.0219166273285659,0
2026-09-27,23,2026-09-26 23:00:00+07:00,2026-09-26 22:50:00+07:00,10.0,tepat_waktu,0,0.5565558075904846,0.0028207340688613,0.0066666666666666,0.0233598982102175,0
2026-09-27,0,2026-09-27 00:00:00+07:00,2026-09-26 23:50:00+07:00,10.0,tepat_waktu,2,0.6142776608467102,0.0019070778918303,0.0033333333333333,0.0280063850421124,0
2026-09-27,1,2026-09-27 01:00:00+07:00,2026-09-27 00:50:00+07:00,10.0,tepat_waktu,0,0.6696220636367798,0.0012793282734352,0.0033333333333333,0.0337885566631122,0
2026-09-27,2,2026-09-27 02:00:00+07:00,2026-09-27 01:50:00+07:00,10.0,tepat_waktu,0,0.6693787574768066,0.0006219438315657,0.0,0.0332398220670745,0
2026-09-27,3,2026-09-27 03:00:00+07:00,2026-09-27 02:50:00+07:00,10.0,tepat_waktu,0,0.6670976281166077,0.0003838473460615,0.0,0.0329780758738653,0
2026-09-27,4,2026-09-27 04:00:00+07:00,2026-09-27 03:50:00+07:00,10.0,tepat_waktu,0,0.6515902280807495,0.0004958244439518,0.0,0.0312893739808747,0
2026-09-27,5,2026-09-27 05:00:00+07:00,2026-09-27 04:50:00+07:00,10.0,tepat_waktu,0,0.6408523917198181,0.0012293268875543,0.0,0.0301835512373879,0
2026-09-27,6,2026-09-27 06:00:00+07:00,2026-09-27 05:50:00+07:00,10.0,tepat_waktu,0,0.6270305514335632,0.0025646339624664,0.0,0.0288238186968979,0
2026-09-27,7,2026-09-27 07:00:00+07:00,2026-09-27 06:50:00+07:00,10.0,tepat_waktu,0,0.6062901020050049,0.0051915659337329,0.0,0.026906367387188,0
2026-09-28,21,2026-09-27 21:00:00+07:00,2026-09-27 20:50:00+07:00,10.0,tepat_waktu,0,0.4267908036708832,0.0045075603444686,0.0033333333333333,0.0147361622252839,0
2026-09-28,22,2026-09-27 22:00:00+07:00,2026-09-27 21:50:00+07:00,10.0,tepat_waktu,0,0.553736686706543,0.0040563093124287,0.01,0.0235115399387387,0
2026-09-28,23,2026-09-27 23:00:00+07:00,2026-09-27 22:50:00+07:00,10.0,tepat_waktu,0,0.6084186434745789,0.0035119569190218,0.0,0.0270699303036555,0
2026-09-28,0,2026-09-28 00:00:00+07:00,2026-09-27 23:50:00+07:00,10.0,tepat_waktu,0,0.6677985191345215,0.0024529645115331,0.0066666666666666,0.0341189302675845,0
2026-09-28,1,2026-09-28 01:00:00+07:00,2026-09-28 00:50:00+07:00,10.0,tepat_waktu,0,0.6759246587753296,0.001393198137164,0.0033333333333333,0.0345205337628398,0
2026-09-28,2,2026-09-28 02:00:00+07:00,2026-09-28 01:50:00+07:00,10.0,tepat_waktu,0,0.6784659624099731,0.0006886503650611,0.0,0.0342810657006382,0
2026-09-28,3,2026-09-28 03:00:00+07:00,2026-09-28 02:50:00+07:00,10.0,tepat_waktu,0,0.6591269373893738,0.0004125672628685,0.0,0.0320987194623098,0
2026-09-28,4,2026-09-28 04:00:00+07:00,2026-09-28 03:50:00+07:00,10.0,tepat_waktu,0,0.6434304714202881,0.0005262465997721,0.0,0.0304340915584591,0
2026-09-28,5,2026-09-28 05:00:00+07:00,2026-09-28 04:50:00+07:00,10.0,tepat_waktu,0,0.6325652003288269,0.0012654285889773,0.0,0.0293449649964746,0
2026-09-28,6,2026-09-28 06:00:00+07:00,2026-09-28 05:50:00+07:00,10.0,tepat_waktu,0,0.6182861328125,0.0026717015402629,0.0,0.0279796930918728,0
2026-09-28,7,2026-09-28 07:00:00+07:00,2026-09-28 06:50:00+07:00,10.0,tepat_waktu,0,0.5974488258361816,0.0054739979307413,0.0,0.0261115305901941,0
2026-09-29,21,2026-09-28 21:00:00+07:00,2026-09-28 20:50:00+07:00,10.0,tepat_waktu,0,0.247327521443367,0.0049682260278542,0.0033333333333333,0.0079096793456059,0
2026-09-29,22,2026-09-28 22:00:00+07:00,2026-09-28 21:50:00+07:00,10.0,tepat_waktu,0,0.2292426824569702,0.0049320647982135,0.0033333333333333,0.0074269488635211,0
2026-09-29,23,2026-09-28 23:00:00+07:00,2026-09-28 22:50:00+07:00,10.0,tepat_waktu,0,0.2064625173807144,0.0055975414386088,0.0033333333333333,0.0068638723974606,0
2026-09-29,0,2026-09-29 00:00:00+07:00,2026-09-28 23:50:00+07:00,10.0,tepat_waktu,0,0.1921397149562835,0.0067206479341501,0.0033333333333333,0.0065351364042962,0
2026-09-29,1,2026-09-29 01:00:00+07:00,2026-09-29 00:50:00+07:00,10.0,tepat_waktu,2,0.1787718683481216,0.0083157086455915,0.0033333333333333,0.0062449482849327,0
2026-09-29,2,2026-09-29 02:00:00+07:00,2026-09-29 01:50:00+07:00,10.0,tepat_waktu,0,0.1673529297113418,0.0097549678235933,0.0033333333333333,0.0060075695388891,0
2026-09-29,3,2026-09-29 03:00:00+07:00,2026-09-29 02:50:00+07:00,10.0,tepat_waktu,0,0.3587320148944855,0.0057059982943985,0.0033333333333333,0.0116533926431783,0
2026-09-29,4,2026-09-29 04:00:00+07:00,2026-09-29 03:50:00+07:00,10.0,tepat_waktu,0,0.5072396993637085,0.0016573513654017,0.0,0.0191121038464585,0
2026-09-29,5,2026-09-29 05:00:00+07:00,2026-09-29 04:50:00+07:00,10.0,tepat_waktu,0,0.5900969505310059,0.0014834891238621,0.0,0.0253909041672125,0
2026-09-29,6,2026-09-29 06:00:00+07:00,2026-09-29 05:50:00+07:00,10.0,tepat_waktu,0,0.6060125827789307,0.002848040235094,0.0,0.0268357776225583,0
2026-09-29,7,2026-09-29 07:00:00+07:00,2026-09-29 06:50:00+07:00,10.0,tepat_waktu,2,0.7776526808738708,0.0122878975883794,0.0,0.0482529553372223,0
2026-09-30,21,2026-09-29 21:00:00+07:00,2026-09-29 20:50:00+07:00,10.0,tepat_waktu,0,0.2522412538528442,0.0050130806540905,0.0033333333333333,0.0080463395023534,0
2026-09-30,22,2026-09-29 22:00:00+07:00,2026-09-29 21:50:00+07:00,10.0,tepat_waktu,0,0.1343024373054504,0.0044248500920363,0.0,0.0052505271256629,0
2026-09-30,23,2026-09-29 23:00:00+07:00,2026-09-29 22:50:00+07:00,10.0,tepat_waktu,0,0.1821667701005935,0.0058768559951039,0.0033333333333333,0.0063080119038727,0
2026-09-30,0,2026-09-30 00:00:00+07:00,2026-09-29 23:50:00+07:00,10.0,tepat_waktu,0,0.3492070138454437,0.0039079945863912,0.0033333333333333,0.0112600639550734,0
2026-09-30,1,2026-09-30 01:00:00+07:00,2026-09-30 00:50:00+07:00,10.0,tepat_waktu,0,0.4479919970035553,0.0020393163932923,0.0033333333333333,0.0158273713075874,0
2026-09-30,2,2026-09-30 02:00:00+07:00,2026-09-30 01:50:00+07:00,10.0,tepat_waktu,0,0.5295970439910889,0.0010168629141074,0.0,0.0206294485037835,0
2026-09-30,3,2026-09-30 03:00:00+07:00,2026-09-30 02:50:00+07:00,10.0,tepat_waktu,0,0.5409573316574097,0.0008938355452786,0.0,0.021448152144889,0
2026-09-30,4,2026-09-30 04:00:00+07:00,2026-09-30 03:50:00+07:00,10.0,tepat_waktu,0,0.5408715009689331,0.0011222365101011,0.0,0.021445364705711,0
2026-09-30,5,2026-09-30 05:00:00+07:00,2026-09-30 04:50:00+07:00,10.0,tepat_waktu,0,0.5720238089561462,0.0017098393892045,0.0,0.0238724158478038,0
2026-09-30,6,2026-09-30 06:00:00+07:00,2026-09-30 05:50:00+07:00,10.0,tepat_waktu,0,0.620642900466919,0.0027914228095148,0.0,0.0282078062031756,0
2026-09-30,7,2026-09-30 07:00:00+07:00,2026-09-30 06:50:00+07:00,10.0,tepat_waktu,0,0.601201593875885,0.0053850590273644,0.0,0.0264466638384005,0
2026-10-01,21,2026-09-30 21:00:00+07:00,2026-09-30 20:50:00+07:00,10.0,tepat_waktu,0,0.2222743034362793,0.0037861812241462,0.0,0.0071315145268245,0
2026-10-01,22,2026-09-30 22:00:00+07:00,2026-09-30 21:50:00+07:00,10.0,tepat_waktu,0,0.2835852801799774,0.0106048611077002,0.0,0.0088714486630217,0
2026-10-01,23,2026-09-30 23:00:00+07:00,2026-09-30 22:50:00+07:00,10.0,tepat_waktu,0,0.3402971625328064,0.0081071279435434,0.0,0.0107831281006173,0
2026-10-01,0,2026-10-01 00:00:00+07:00,2026-09-30 23:50:00+07:00,10.0,tepat_waktu,0,0.3767209053039551,0.0038306593738253,0.0033333333333333,0.0123860385524127,0
2026-10-01,1,2026-10-01 01:00:00+07:00,2026-10-01 00:50:00+07:00,10.0,tepat_waktu,0,0.3895547091960907,0.0042576045771519,0.0,0.0127549716789322,0
2026-10-01,2,2026-10-01 02:00:00+07:00,2026-10-01 01:50:00+07:00,10.0,tepat_waktu,0,0.3846282064914703,0.0037612975210313,0.0,0.0125346793485303,0
2026-10-01,3,2026-10-01 03:00:00+07:00,2026-10-01 02:50:00+07:00,10.0,tepat_waktu,0,0.3951877057552337,0.0057002335071706,0.0,0.0130198216234611,0
2026-10-01,4,2026-10-01 04:00:00+07:00,2026-10-01 03:50:00+07:00,10.0,tepat_waktu,0,0.3602874279022217,0.0075385459579526,0.0,0.0115524902562495,0
2026-10-01,5,2026-10-01 05:00:00+07:00,2026-10-01 04:50:00+07:00,10.0,tepat_waktu,0,0.3861432075500488,0.0089217980742761,0.0,0.0126480010209077,0
2026-10-01,6,2026-10-01 06:00:00+07:00,2026-10-01 05:50:00+07:00,10.0,tepat_waktu,0,0.3982044458389282,0.0138257368971848,0.0,0.0132344258551269,0
2026-10-01,7,2026-10-01 07:00:00+07:00,2026-10-01 06:50:00+07:00,10.0,tepat_waktu,0,0.6946660280227661,0.0222526218604258,0.0033333333333333,0.0373279032476865,0
2026-10-02,21,2026-10-01 21:00:00+07:00,2026-10-01 20:50:00+07:00,10.0,tepat_waktu,0,0.4237035512924194,0.0104530796314176,0.0,0.0144193776938165,0
2026-10-02,22,2026-10-01 22:00:00+07:00,2026-10-01 21:50:00+07:00,10.0,tepat_waktu,0,0.4069899618625641,0.0079139536271235,0.0,0.0135844696511632,0
2026-10-02,23,2026-10-01 23:00:00+07:00,2026-10-01 22:50:00+07:00,10.0,tepat_waktu,2,0.3607440292835235,0.0059489801880874,0.0,0.0115574096256985,0
2026-10-02,0,2026-10-02 00:00:00+07:00,2026-10-01 23:50:00+07:00,10.0,tepat_waktu,0,0.3919578492641449,0.0040121245914638,0.0,0.0128592528528621,0
2026-10-02,1,2026-10-02 01:00:00+07:00,2026-10-02 00:50:00+07:00,10.0,tepat_waktu,0,0.4078420102596283,0.0031228905920803,0.0033333333333333,0.0137878042111375,0
2026-10-02,2,2026-10-02 02:00:00+07:00,2026-10-02 01:50:00+07:00,10.0,tepat_waktu,0,0.4806136786937713,0.0017031793721163,0.0,0.0174383304986917,0
2026-10-02,3,2026-10-02 03:00:00+07:00,2026-10-02 02:50:00+07:00,10.0,tepat_waktu,0,0.5255765318870544,0.0013055886213222,0.0,0.0203506944022655,0
2026-10-02,4,2026-10-02 04:00:00+07:00,2026-10-02 03:50:00+07:00,10.0,tepat_waktu,0,0.5987977981567383,0.0010793897780079,0.01,0.0273684633713036,0
2026-10-02,5,2026-10-02 05:00:00+07:00,2026-10-02 04:50:00+07:00,10.0,tepat_waktu,0,0.6045175790786743,0.0019333424742556,0.0,0.026681673061998,0
2026-10-02,6,2026-10-02 06:00:00+07:00,2026-10-02 05:50:00+07:00,10.0,tepat_waktu,0,0.6372233629226685,0.0031564197425425,0.0,0.0298542532653051,0
2026-10-02,7,2026-10-02 07:00:00+07:00,2026-10-02 06:50:00+07:00,10.0,tepat_waktu,0,0.635346531867981,0.0046358088798246,0.0,0.0296955620213845,0
2026-10-03,21,2026-10-02 21:00:00+07:00,2026-10-02 20:50:00+07:00,10.0,tepat_waktu,0,0.0189957339316606,0.0147639220372278,0.0,0.0035368296544451,0
2026-10-03,22,2026-10-02 22:00:00+07:00,2026-10-02 21:50:00+07:00,10.0,tepat_waktu,0,0.1047379598021507,0.0065987003796759,0.0,0.0047433468833329,0
2026-10-03,23,2026-10-02 23:00:00+07:00,2026-10-02 22:50:00+07:00,10.0,tepat_waktu,0,0.1671314090490341,0.0068792260817793,0.0033333333333333,0.005990306137072,0
2026-10-03,0,2026-10-03 00:00:00+07:00,2026-10-02 23:50:00+07:00,10.0,tepat_waktu,0,0.1251789629459381,0.0088105800284275,0.0,0.0051023817767716,0
2026-10-03,1,2026-10-03 01:00:00+07:00,2026-10-03 00:50:00+07:00,10.0,tepat_waktu,0,0.1557599157094955,0.0111692566302362,0.0,0.0056866364770604,0
2026-10-03,2,2026-10-03 02:00:00+07:00,2026-10-03 01:50:00+07:00,10.0,tepat_waktu,0,0.2027010917663574,0.012576564911232,0.0,0.0067044793402651,0
2026-10-03,3,2026-10-03 03:00:00+07:00,2026-10-03 02:50:00+07:00,10.0,tepat_waktu,0,0.3701583743095398,0.0059063607874865,0.0,0.0119404082920805,0
2026-10-03,4,2026-10-03 04:00:00+07:00,2026-10-03 03:50:00+07:00,10.0,tepat_waktu,6,0.4196129143238067,0.0050024439252365,0.0,0.0141607339328398,0
2026-10-03,5,2026-10-03 05:00:00+07:00,2026-10-03 04:50:00+07:00,10.0,tepat_waktu,12,0.5770395398139954,0.0051710804209142,0.0,0.0243463013087581,0
2026-10-03,6,2026-10-03 06:00:00+07:00,2026-10-03 05:50:00+07:00,10.0,tepat_waktu,18,0.4855599105358124,0.0073445295296932,0.0,0.0178106322325905,0
2026-10-03,7,2026-10-03 07:00:00+07:00,2026-10-03 06:50:00+07:00,10.0,tepat_waktu,24,0.7995364665985107,0.0205488920051518,0.0,0.0522029726535466,0
2026-10-04,21,2026-10-03 21:00:00+07:00,2026-10-03 20:50:00+07:00,10.0,tepat_waktu,36,0.0536334365606308,0.0161191449769762,0.0,0.0039958595704639,0
2026-10-04,22,2026-10-03 22:00:00+07:00,2026-10-03 21:50:00+07:00,10.0,tepat_waktu,42,0.0315922535955905,0.0123549006087085,0.0,0.0036894781664211,0
2026-10-04,23,2026-10-03 23:00:00+07:00,2026-10-03 22:50:00+07:00,10.0,tepat_waktu,48,0.0528372339904308,0.009179130720924,0.0,0.0039645241532074,0
2026-10-04,0,2026-10-04 00:00:00+07:00,2026-10-03 23:50:00+07:00,10.0,tepat_waktu,54,0.1421114355325698,0.0118914773841618,0.0,0.0054251323344124,0
2026-10-04,1,2026-10-04 01:00:00+07:00,2026-10-04 00:50:00+07:00,10.0,tepat_waktu,60,0.1366372406482696,0.0095436553301483,0.0033333333333333,0.005396469862384,0
2026-10-04,2,2026-10-04 02:00:00+07:00,2026-10-04 01:50:00+07:00,10.0,tepat_waktu,66,0.1380935907363891,0.0102877417518313,0.0,0.0053433395440448,0
